,mse,mae,explained_var,r2_score
0,12.964417096106633,2.991522855026779,0.6816503009507111,0.6635198974613257
1,30.116505154970227,4.827611385675529,-0.07871287727248344,-2.347407863948239
