,mse,mae,explained_var,r2_score
0,0.011299592772528592,0.07315757957712674,0.9997084943050456,0.9997067289561451
1,0.029451762965292075,0.1481071440450427,0.9991646029072219,0.9967264773103699
