feature,mean_importance
feature_1,0.3330831991270323
feature_2,0.3844180662821565
