feature,mean_importance
feature_1,0.3177960221318248
feature_2,0.5082922556009146
