feature,mean_importance
feature_5,0.006291918559766739
feature_4,0.010126580393058447
feature_1,0.01669508052292367
feature_2,0.018327953561255945
feature_3,1.8351820152037441
