feature,mean_importance
feature_1,0.02017672060923704
feature_6,0.09522400107758691
feature_5,0.10728499056827309
feature_2,0.13261450254855628
feature_3,0.3480320885597168
feature_4,0.6119250950196535
